{"accuracy": 0.9130434782608695, "precision": 0.75, "recall": 0.75, "f1_score": 0.75, "roc_auc_score": 0.9605263157894738, "confusion_matrix": [[18, 1], [1, 3]]}