{"accuracy": 0.6956521739130435, "precision": 0.7210144927536232, "recall": 0.6956521739130435, "f1": 0.6927536231884057, "confusion_matrix": [[3, 0, 1, 0, 0, 0], [0, 2, 1, 0, 1, 0], [0, 1, 2, 0, 0, 0], [0, 0, 0, 4, 0, 0], [0, 0, 0, 2, 3, 0], [1, 0, 0, 0, 0, 2]]}