{"accuracy": 0.7272727272727273, "precision": 0.8636363636363636, "recall": 0.7272727272727273, "f1_score": 0.7359307359307359, "confusion_matrix": [[2, 0, 2], [0, 3, 1], [0, 0, 3]]}